{
    "name": "root",
    "gauges": {
        "VehicleAgent.Policy.Entropy.mean": {
            "value": 1.3300632238388062,
            "min": 1.3300632238388062,
            "max": 1.4523334503173828,
            "count": 59
        },
        "VehicleAgent.Policy.Entropy.sum": {
            "value": 10108.48046875,
            "min": 9212.8408203125,
            "max": 116186.671875,
            "count": 59
        },
        "VehicleAgent.Environment.EpisodeLength.mean": {
            "value": 330.0,
            "min": 228.0,
            "max": 399.0,
            "count": 59
        },
        "VehicleAgent.Environment.EpisodeLength.sum": {
            "value": 990.0,
            "min": 228.0,
            "max": 79800.0,
            "count": 59
        },
        "VehicleAgent.Step.mean": {
            "value": 3269612.0,
            "min": 29600.0,
            "max": 3269612.0,
            "count": 109
        },
        "VehicleAgent.Step.sum": {
            "value": 3269612.0,
            "min": 29600.0,
            "max": 3269612.0,
            "count": 109
        },
        "VehicleAgent.Policy.GailValueEstimate.mean": {
            "value": 43.44305419921875,
            "min": -0.0019012802513316274,
            "max": 58.82307434082031,
            "count": 109
        },
        "VehicleAgent.Policy.GailValueEstimate.sum": {
            "value": 3258.22900390625,
            "min": -0.1406947374343872,
            "max": 4411.73046875,
            "count": 109
        },
        "VehicleAgent.Environment.CumulativeReward.mean": {
            "value": -0.6526629595955213,
            "min": -0.7323251322905222,
            "max": -0.42222541131270236,
            "count": 109
        },
        "VehicleAgent.Environment.CumulativeReward.sum": {
            "value": -48.9497219696641,
            "min": -54.92438492178917,
            "max": -32.933582082390785,
            "count": 109
        },
        "VehicleAgent.Policy.GailReward.mean": {
            "value": 147.8046294784546,
            "min": 93.06153579711913,
            "max": 277.81306127599765,
            "count": 109
        },
        "VehicleAgent.Policy.GailReward.sum": {
            "value": 11085.347210884094,
            "min": 6979.615184783936,
            "max": 20831.199127197266,
            "count": 109
        },
        "VehicleAgent.IsTraining.mean": {
            "value": 1.0,
            "min": 1.0,
            "max": 1.0,
            "count": 109
        },
        "VehicleAgent.IsTraining.sum": {
            "value": 1.0,
            "min": 1.0,
            "max": 1.0,
            "count": 109
        },
        "VehicleAgent.Losses.PolicyLoss.mean": {
            "value": 0.04959947640312878,
            "min": 0.0268818576199313,
            "max": 0.05435153588573719,
            "count": 58
        },
        "VehicleAgent.Losses.PolicyLoss.sum": {
            "value": 0.04959947640312878,
            "min": 0.0268818576199313,
            "max": 0.9368875507151944,
            "count": 58
        },
        "VehicleAgent.Losses.ValueLoss.mean": {
            "value": 46.06109216375258,
            "min": 2.9229649991815925,
            "max": 69.15409011514778,
            "count": 58
        },
        "VehicleAgent.Losses.ValueLoss.sum": {
            "value": 46.06109216375258,
            "min": 2.9229649991815925,
            "max": 1052.9195378316895,
            "count": 58
        },
        "VehicleAgent.Policy.LearningRate.mean": {
            "value": 0.000250964731345095,
            "min": 0.000250964731345095,
            "max": 0.0002988000003999999,
            "count": 58
        },
        "VehicleAgent.Policy.LearningRate.sum": {
            "value": 0.000250964731345095,
            "min": 0.000250964731345095,
            "max": 0.005595459124847069,
            "count": 58
        },
        "VehicleAgent.Policy.Epsilon.mean": {
            "value": 0.18365490499999998,
            "min": 0.18365490499999998,
            "max": 0.19960000000000003,
            "count": 58
        },
        "VehicleAgent.Policy.Epsilon.sum": {
            "value": 0.18365490499999998,
            "min": 0.18365490499999998,
            "max": 4.065152930000001,
            "count": 58
        },
        "VehicleAgent.Policy.Beta.mean": {
            "value": 0.0041843797595000004,
            "min": 0.0041843797595000004,
            "max": 0.00498004,
            "count": 58
        },
        "VehicleAgent.Policy.Beta.sum": {
            "value": 0.0041843797595000004,
            "min": 0.0041843797595000004,
            "max": 0.093291131207,
            "count": 58
        },
        "VehicleAgent.Policy.GAILPolicyEstimate.mean": {
            "value": 0.2848869470041547,
            "min": 0.1220283495883147,
            "max": 0.3929562490019533,
            "count": 58
        },
        "VehicleAgent.Policy.GAILPolicyEstimate.sum": {
            "value": 0.2848869470041547,
            "min": 0.1220283495883147,
            "max": 7.641154953726141,
            "count": 58
        },
        "VehicleAgent.Policy.GAILExpertEstimate.mean": {
            "value": 0.7285712981494114,
            "min": 0.5458678911065954,
            "max": 0.7822684738625828,
            "count": 58
        },
        "VehicleAgent.Policy.GAILExpertEstimate.sum": {
            "value": 0.7285712981494114,
            "min": 0.5458678911065954,
            "max": 15.958241465780594,
            "count": 58
        },
        "VehicleAgent.Losses.GAILLoss.mean": {
            "value": 0.7929427751059671,
            "min": 0.4905894274512927,
            "max": 1.1008678439718027,
            "count": 58
        },
        "VehicleAgent.Losses.GAILLoss.sum": {
            "value": 0.7929427751059671,
            "min": 0.4905894274512927,
            "max": 18.779161207252574,
            "count": 58
        },
        "VehicleAgent.Policy.GAILGradMagLoss.mean": {
            "value": 0.1272923718839522,
            "min": 0.009500759076595736,
            "max": 0.7273654511186779,
            "count": 58
        },
        "VehicleAgent.Policy.GAILGradMagLoss.sum": {
            "value": 0.1272923718839522,
            "min": 0.012968081935913863,
            "max": 11.637847217898846,
            "count": 58
        },
        "VehicleAgent.Losses.PretrainingLoss.mean": {
            "value": 0.0,
            "min": 0.0,
            "max": 1.4696120818456013,
            "count": 58
        },
        "VehicleAgent.Losses.PretrainingLoss.sum": {
            "value": 0.0,
            "min": 0.0,
            "max": 1.4696120818456013,
            "count": 58
        }
    },
    "metadata": {
        "timer_format_version": "0.1.0",
        "start_time_seconds": "1655484265",
        "python_version": "3.7.13 (default, Mar 28 2022, 08:03:21) [MSC v.1916 64 bit (AMD64)]",
        "command_line_arguments": "C:\\Users\\Bassem\\Anaconda3\\envs\\mlagents\\Scripts\\mlagents-learn training_config_imitation.yaml --run-id=9roads_imitation__monzaDemo_allRwds_moreSteps",
        "mlagents_version": "0.29.0",
        "mlagents_envs_version": "0.29.0",
        "communication_protocol_version": "1.5.0",
        "pytorch_version": "1.11.0+cpu",
        "numpy_version": "1.19.5",
        "end_time_seconds": "1655489292"
    },
    "total": 5026.586673000001,
    "count": 1,
    "self": 0.007076600000800681,
    "children": {
        "run_training.setup": {
            "total": 0.0979044,
            "count": 1,
            "self": 0.0979044
        },
        "TrainerController.start_learning": {
            "total": 5026.481692,
            "count": 1,
            "self": 0.3346349000057671,
            "children": {
                "TrainerController._reset_env": {
                    "total": 65.2742598,
                    "count": 1,
                    "self": 64.73243539999999,