{
    "name": "root",
    "gauges": {
        "VehicleAgent.Policy.Entropy.mean": {
            "value": 0.8408220410346985,
            "min": 0.8408220410346985,
            "max": 1.4327552318572998,
            "count": 386
        },
        "VehicleAgent.Policy.Entropy.sum": {
            "value": 32918.18359375,
            "min": 282.8955078125,
            "max": 154737.5625,
            "count": 386
        },
        "VehicleAgent.Environment.EpisodeLength.mean": {
            "value": 359.8313253012048,
            "min": 303.59375,
            "max": 399.0,
            "count": 386
        },
        "VehicleAgent.Environment.EpisodeLength.sum": {
            "value": 29866.0,
            "min": 399.0,
            "max": 107730.0,
            "count": 386
        },
        "VehicleAgent.Step.mean": {
            "value": 14069801.0,
            "min": 29600.0,
            "max": 14069801.0,
            "count": 469
        },
        "VehicleAgent.Step.sum": {
            "value": 14069801.0,
            "min": 29600.0,
            "max": 14069801.0,
            "count": 469
        },
        "VehicleAgent.Policy.GailValueEstimate.mean": {
            "value": 40.32242202758789,
            "min": -0.021162329241633415,
            "max": 69.83330535888672,
            "count": 469
        },
        "VehicleAgent.Policy.GailValueEstimate.sum": {
            "value": 3346.760986328125,
            "min": -1.587174654006958,
            "max": 5822.58837890625,
            "count": 469
        },
        "VehicleAgent.Environment.CumulativeReward.mean": {
            "value": -0.2192289701786386,
            "min": -0.875500001013279,
            "max": -0.1209101707078098,
            "count": 469
        },
        "VehicleAgent.Environment.CumulativeReward.sum": {
            "value": -18.196004524827003,
            "min": -66.5380000770092,
            "max": -10.536004565656185,
            "count": 469
        },
        "VehicleAgent.Policy.GailReward.mean": {
            "value": 162.3982964940818,
            "min": 88.93401390075684,
            "max": 345.22148011860094,
            "count": 469
        },
        "VehicleAgent.Policy.GailReward.sum": {
            "value": 13479.058609008789,
            "min": 6670.051042556763,
            "max": 26236.832489013672,
            "count": 469
        },
        "VehicleAgent.IsTraining.mean": {
            "value": 1.0,
            "min": 1.0,
            "max": 1.0,
            "count": 469
        },
        "VehicleAgent.IsTraining.sum": {
            "value": 1.0,
            "min": 1.0,
            "max": 1.0,
            "count": 469
        },
        "VehicleAgent.Losses.PolicyLoss.mean": {
            "value": 0.043780386281575795,
            "min": 0.03502041427002821,
            "max": 0.0625485034737115,
            "count": 384
        },
        "VehicleAgent.Losses.PolicyLoss.sum": {
            "value": 1.050729270757819,
            "min": 0.038086537776204445,
            "max": 1.2341931528183434,
            "count": 384
        },
        "VehicleAgent.Losses.ValueLoss.mean": {
            "value": 28.909161517229034,
            "min": 3.9146450591861304,
            "max": 85.33831816319136,
            "count": 384
        },
        "VehicleAgent.Losses.ValueLoss.sum": {
            "value": 693.8198764134968,
            "min": 3.9146450591861304,
            "max": 1610.5507319132487,
            "count": 384
        },
        "VehicleAgent.Policy.LearningRate.mean": {
            "value": 0.00013134773971743883,
            "min": 0.00013134773971743883,
            "max": 0.0002987040004319999,
            "count": 384
        },
        "VehicleAgent.Policy.LearningRate.sum": {
            "value": 0.003152345753218532,
            "min": 0.00014484851171718004,
            "max": 0.0067845445064852435,
            "count": 384
        },
        "VehicleAgent.Policy.Epsilon.mean": {
            "value": 0.14378256116666668,
            "min": 0.14378256116666668,
            "max": 0.19956799999999997,
            "count": 384
        },
        "VehicleAgent.Policy.Epsilon.sum": {
            "value": 3.450781468,
            "min": 0.14828281999999998,
            "max": 4.7615147559999995,
            "count": 384
        },
        "VehicleAgent.Policy.Beta.mean": {
            "value": 0.002194749802216667,
            "min": 0.002194749802216667,
            "max": 0.004978443200000002,
            "count": 384
        },
        "VehicleAgent.Policy.Beta.sum": {
            "value": 0.052673995253200004,
            "min": 0.0024193127180000005,
            "max": 0.1130995863244,
            "count": 384
        },
        "VehicleAgent.Policy.GAILPolicyEstimate.mean": {
            "value": 0.31851771671186996,
            "min": 0.1680099201155396,
            "max": 0.5620963143805663,
            "count": 384
        },
        "VehicleAgent.Policy.GAILPolicyEstimate.sum": {
            "value": 7.6444252010848786,
            "min": 0.17792068308577685,
            "max": 12.542455220719177,
            "count": 384
        },
        "VehicleAgent.Policy.GAILExpertEstimate.mean": {
            "value": 0.6784867783939398,
            "min": 0.589020639539992,
            "max": 0.8018205812405899,
            "count": 384
        },
        "VehicleAgent.Policy.GAILExpertEstimate.sum": {
            "value": 16.283682681454554,
            "min": 0.589020639539992,
            "max": 18.755724937054843,
            "count": 384
        },
        "VehicleAgent.Losses.GAILLoss.mean": {
            "value": 0.8860880823283598,
            "min": 0.5241228739420573,
            "max": 1.2404776111245155,
            "count": 384
        },
        "VehicleAgent.Losses.GAILLoss.sum": {
            "value": 21.266113975880636,
            "min": 0.5241228739420573,
            "max": 28.184334095319116,
            "count": 384
        },
        "VehicleAgent.Policy.GAILGradMagLoss.mean": {
            "value": 0.013063813152734716,
            "min": 0.006189271652450164,
            "max": 2.353177566182179,
            "count": 384
        },
        "VehicleAgent.Policy.GAILGradMagLoss.sum": {
            "value": 0.3135315156656332,
            "min": 0.006189271652450164,
            "max": 23.505313747629952,
            "count": 384
        },
        "VehicleAgent.Losses.PretrainingLoss.mean": {
            "value": 0.0,
            "min": 0.0,
            "max": 1.4933170477549236,
            "count": 384
        },
        "VehicleAgent.Losses.PretrainingLoss.sum": {
            "value": 0.0,
            "min": 0.0,
            "max": 1.4933170477549236,
            "count": 384
        }
    },
    "metadata": {
        "timer_format_version": "0.1.0",
        "start_time_seconds": "1655751314",
        "python_version": "3.7.13 (default, Mar 28 2022, 08:03:21) [MSC v.1916 64 bit (AMD64)]",
        "command_line_arguments": "C:\\Users\\Bassem\\Anaconda3\\envs\\mlagents\\Scripts\\mlagents-learn training_config_imitation.yaml --run-id=9roads_imitation_MonzaRoadnewChkptReachedRwd_newChkptReachRwd",
        "mlagents_version": "0.29.0",
        "mlagents_envs_version": "0.29.0",
        "communication_protocol_version": "1.5.0",
        "pytorch_version": "1.11.0+cpu",
        "numpy_version": "1.19.5",
        "end_time_seconds": "1655765087"
    },
    "total": 13772.584734,
    "count": 1,
    "self": 0.006389300000591902,
    "children": {
        "run_training.setup": {
            "total": 0.09661450000000005,
            "count": 1,
            "self": 0.09661450000000005
        },
        "TrainerController.start_learning": {
            "total": 13772.4817302,
            "count": 1,
            "self": 1.738105999891559,
            "children": {
                "TrainerController._reset_env": {
                    "total": 9.3885046,
                    "count": 1,