{"count":1,"self":37.856511999999995,"total":41.211270899999995,"children":{"InitializeActuators":{"count":30,"self":0.00099859999999999988,"total":0.00099859999999999988,"children":null},"InitializeSensors":{"count":30,"self":0.0040008,"total":0.0040008,"children":null},"AgentSendState":{"count":2001,"self":0.3552993,"total":0.41011139999999996,"children":{"CollectObservations":{"count":12030,"self":0.030797699999999997,"total":0.030797699999999997,"children":null},"WriteActionMask":{"count":12030,"self":0.0090416,"total":0.0090416,"children":null},"RequestDecision":{"count":12030,"self":0.0149728,"total":0.0149728,"children":null}}},"DecideAction":{"count":2001,"self":0.90402589999999994,"total":1.8148050999999998,"children":{"RayPerceptionSensor.Perceive":{"count":12030,"self":0.9107792,"total":0.9107792,"children":null}}},"AgentAct":{"count":2001,"self":1.1238432999999999,"total":1.1238432999999999,"children":null}},"gauges":{"VehicleAgent.CumulativeReward":{"count":30,"max":-1.87100768,"min":-20.831377,"runningAverage":-14.6668873,"value":-20.4413719,"weightedAverage":-13.7183132}},"metadata":{"timer_format_version":"0.1.0","start_time_seconds":"1698073908","unity_version":"2021.3.0f1","command_line_arguments":"C:\\Users\\Bassem\\mlagents_github\\Executables\\Windows\\Autonomous Car.exe","communication_protocol_version":"1.5.0","com.unity.ml-agents_version":"2.0.1","scene_name":"MainScene","end_time_seconds":"1698073949"}}