{
    "name": "root",
    "gauges": {
        "VehicleAgent.Policy.Entropy.mean": {
            "value": 0.5400131344795227,
            "min": 0.5400131344795227,
            "max": 0.7488102316856384,
            "count": 81
        },
        "VehicleAgent.Policy.Entropy.sum": {
            "value": 19548.474609375,
            "min": 9422.9384765625,
            "max": 29952.41015625,
            "count": 81
        },
        "VehicleAgent.Environment.EpisodeLength.mean": {
            "value": 190.6377551020408,
            "min": 161.06382978723406,
            "max": 193.87662337662337,
            "count": 81
        },
        "VehicleAgent.Environment.EpisodeLength.sum": {
            "value": 37365.0,
            "min": 7570.0,
            "max": 40762.0,
            "count": 81
        },
        "VehicleAgent.Step.mean": {
            "value": 11219808.0,
            "min": 8819820.0,
            "max": 11219808.0,
            "count": 81
        },
        "VehicleAgent.Step.sum": {
            "value": 11219808.0,
            "min": 8819820.0,
            "max": 11219808.0,
            "count": 81
        },
        "VehicleAgent.Policy.GailValueEstimate.mean": {
            "value": 41.268863677978516,
            "min": 35.02286148071289,
            "max": 53.911468505859375,
            "count": 81
        },
        "VehicleAgent.Policy.GailValueEstimate.sum": {
            "value": 6520.48046875,
            "min": 4576.24462890625,
            "max": 8356.27734375,
            "count": 81
        },
        "VehicleAgent.Environment.CumulativeReward.mean": {
            "value": -0.14472939573888538,
            "min": -0.274791808411866,
            "max": -0.01867439749401919,
            "count": 81
        },
        "VehicleAgent.Environment.CumulativeReward.sum": {
            "value": -22.86724452674389,
            "min": -42.31793849542737,
            "max": -3.0065779965370893,
            "count": 81
        },
        "VehicleAgent.Policy.GailReward.mean": {
            "value": 86.97781633727158,
            "min": 79.4714064812049,
            "max": 125.31047355897965,
            "count": 81
        },
        "VehicleAgent.Policy.GailReward.sum": {
            "value": 13742.49498128891,
            "min": 10415.240539550781,
            "max": 19423.123401641846,
            "count": 81
        },
        "VehicleAgent.Losses.PolicyLoss.mean": {
            "value": 0.042552374440128916,
            "min": 0.03840717179745298,
            "max": 0.05636864791934689,
            "count": 81
        },
        "VehicleAgent.Losses.PolicyLoss.sum": {
            "value": 0.6808379910420627,
            "min": 0.11273729583869378,
            "max": 0.8510395473585611,
            "count": 81
        },
        "VehicleAgent.Losses.ValueLoss.mean": {
            "value": 50.56527874271075,
            "min": 44.55238019494137,
            "max": 111.18681589762369,
            "count": 81
        },
        "VehicleAgent.Losses.ValueLoss.sum": {
            "value": 809.044459883372,
            "min": 222.37363179524738,
            "max": 1060.3894766975852,
            "count": 81
        },
        "VehicleAgent.Policy.LearningRate.mean": {
            "value": 0.00013201226880842906,
            "min": 0.00013201226880842906,
            "max": 0.00016802289649238254,
            "count": 81
        },
        "VehicleAgent.Policy.LearningRate.sum": {
            "value": 0.002112196300934865,
            "min": 0.0003360457929847651,
            "max": 0.00285184248938612,
            "count": 81
        },
        "VehicleAgent.Policy.Epsilon.mean": {
            "value": 0.1440040709375,
            "min": 0.1440040709375,
            "max": 0.15600761750000003,
            "count": 81
        },
        "VehicleAgent.Policy.Epsilon.sum": {
            "value": 2.304065135,
            "min": 0.31201523500000006,
            "max": 2.7506138800000004,
            "count": 81
        },
        "VehicleAgent.Policy.Beta.mean": {
            "value": 0.00220580313978125,
            "min": 0.00220580313978125,
            "max": 0.0028047801132500003,
            "count": 81
        },
        "VehicleAgent.Policy.Beta.sum": {
            "value": 0.0352928502365,
            "min": 0.005609560226500001,
            "max": 0.04761563261200001,
            "count": 81
        },
        "VehicleAgent.Policy.GAILPolicyEstimate.mean": {
            "value": 0.3202401005197316,
            "min": 0.2999549020597233,
            "max": 0.4616947290740272,
            "count": 81
        },
        "VehicleAgent.Policy.GAILPolicyEstimate.sum": {
            "value": 5.123841608315706,
            "min": 0.6083995228012402,
            "max": 6.406828600488886,
            "count": 81
        },
        "VehicleAgent.Policy.GAILExpertEstimate.mean": {
            "value": 0.7025354952861865,
            "min": 0.677255854010582,
            "max": 0.7079502797789043,
            "count": 81
        },
        "VehicleAgent.Policy.GAILExpertEstimate.sum": {
            "value": 11.240567924578984,
            "min": 1.377238318324089,
            "max": 12.631388427864794,
            "count": 81
        },
        "VehicleAgent.Losses.GAILLoss.mean": {
            "value": 0.8712918151790896,
            "min": 0.8470423119635684,
            "max": 1.061848336566018,
            "count": 81
        },
        "VehicleAgent.Losses.GAILLoss.sum": {
            "value": 13.940669042865434,
            "min": 1.7089812904596329,
            "max": 16.508654191021176,
            "count": 81
        },
        "VehicleAgent.Policy.GAILGradMagLoss.mean": {
            "value": 0.012108599641942419,
            "min": 0.0056553488251555595,
            "max": 3.534256564958974,
            "count": 81
        },
        "VehicleAgent.Policy.GAILGradMagLoss.sum": {
            "value": 0.1937375942710787,
            "min": 0.05293245204822227,
            "max": 35.34256564958974,
            "count": 81
        },
        "VehicleAgent.Losses.PretrainingLoss.mean": {
            "value": 0.0,
            "min": 0.0,
            "max": 0.7492649621433682,
            "count": 81
        },
        "VehicleAgent.Losses.PretrainingLoss.sum": {
            "value": 0.0,
            "min": 0.0,
            "max": 1.4985299242867365,
            "count": 81
        },
        "VehicleAgent.IsTraining.mean": {
            "value": 1.0,
            "min": 1.0,
            "max": 1.0,
            "count": 81
        },
        "VehicleAgent.IsTraining.sum": {
            "value": 1.0,
            "min": 1.0,
            "max": 1.0,
            "count": 81
        }
    },
    "metadata": {
        "timer_format_version": "0.1.0",
        "start_time_seconds": "1655408184",
        "python_version": "3.7.13 (default, Mar 28 2022, 08:03:21) [MSC v.1916 64 bit (AMD64)]",
        "command_line_arguments": "C:\\Users\\Bassem\\Anaconda3\\envs\\mlagents\\Scripts\\mlagents-learn training_config_imitation.yaml --run-id=9roads_imitation_newMove_allRwds --resume",
        "mlagents_version": "0.29.0",
        "mlagents_envs_version": "0.29.0",
        "communication_protocol_version": "1.5.0",
        "pytorch_version": "1.11.0+cpu",
        "numpy_version": "1.19.5",
        "end_time_seconds": "1655409970"
    },
    "total": 1786.3946958,
    "count": 1,
    "self": 0.007059300000037183,
    "children": {
        "run_training.setup": {
            "total": 0.1107140000000002,
            "count": 1,
            "self": 0.1107140000000002
        },
        "TrainerController.start_learning": {
            "total": 1786.2769225,
            "count": 1,
            "self": 0.37564510000675,
            "children": {
                "TrainerController._reset_env": {
                    "total": 10.1230297,
                    "count": 1,
                    "self": 9.5694382,